{
  "mode": "ec_code",
  "world_size": 8,
  "tokens_per_rank": 4096,
  "total_tokens": 32768,
  "num_steps": 20,
  "num_warmup": 5,
  "hidden": 2048,
  "intermediate": 1408,
  "total_routed_experts": 64,
  "top_k": 4,
  "num_condenser": 2,
  "local_n_experts": 8,
  "peak_memory_gb_max_rank": 0.8762125968933105,
  "route": {
    "median_ms": 0.24548801593482494,
    "mean_ms": 0.441041897283867,
    "std_ms": 0.8705622514451765
  },
  "dispatch": {
    "median_ms": 0.3596794558688998,
    "mean_ms": 0.47645505983382463,
    "std_ms": 0.49206600686839613
  },
  "compute": {
    "median_ms": 3.4921280457638204,
    "mean_ms": 3.998154052533209,
    "std_ms": 1.068538027938334
  },
  "combine": {
    "median_ms": 0.5947845056653023,
    "mean_ms": 1.2009696452878416,
    "std_ms": 1.2648750236659725
  },
  "condenser": {
    "median_ms": 0.7031144923530519,
    "mean_ms": 0.8003352268133312,
    "std_ms": 0.3386659339863982
  },
  "total_fwd": {
    "median_ms": 7.22619699081406,
    "mean_ms": 8.26472770422697,
    "std_ms": 2.1768756132909868
  },
  "total_bwd": {
    "median_ms": 6.485767546109855,
    "mean_ms": 7.760971412062645,
    "std_ms": 2.3871446846142006
  },
  "bytes_dispatch_total_per_step": {
    "median_bytes": 469262336.0,
    "mean_bytes": 469262336.0
  },
  "bytes_combine_total_per_step": {
    "median_bytes": 469262336.0,
    "mean_bytes": 469262336.0
  },
  "all_steps": [
    {
      "route": 0.00023661705199629068,
      "dispatch": 0.00034987193066626787,
      "compute": 0.0034126730170100927,
      "combine": 0.00042386900167912245,
      "condenser": 0.0007019719341769814,
      "total_fwd": 0.0069357240572571754,
      "total_bwd": 0.006351982010528445,
      "bytes_dispatch_total": 469262336.0,
      "bytes_combine_total": 469262336.0
    },
    {
      "route": 0.0002396110212430358,
      "dispatch": 0.0003477910067886114,
      "compute": 0.0034152220468968153,
      "combine": 0.00044144701678305864,
      "condenser": 0.0007025639060884714,
      "total_fwd": 0.006620944011956453,
      "total_bwd": 0.006437647040002048,
      "bytes_dispatch_total": 469262336.0,
      "bytes_combine_total": 469262336.0
    },
    {
      "route": 0.0002638560254126787,
      "dispatch": 0.002564860973507166,
      "compute": 0.00424246396869421,
      "combine": 0.0014798740157857537,
      "condenser": 0.000709563959389925,
      "total_fwd": 0.009826712892390788,
      "total_bwd": 0.0061400639824569225,
      "bytes_dispatch_total": 469262336.0,
      "bytes_combine_total": 469262336.0
    },
    {
      "route": 0.000242384965531528,
      "dispatch": 0.0003666400443762541,
      "compute": 0.0034666110295802355,
      "combine": 0.0004687180044129491,
      "condenser": 0.000692334957420826,
      "total_fwd": 0.0066930350149050355,
      "total_bwd": 0.006533888052217662,
      "bytes_dispatch_total": 469262336.0,
      "bytes_combine_total": 469262336.0
    },
    {
      "route": 0.00024961098097264767,
      "dispatch": 0.00035761191975325346,
      "compute": 0.0038778120651841164,
      "combine": 0.0009172199061140418,
      "condenser": 0.0007010569097474217,
      "total_fwd": 0.007489172043278813,
      "total_bwd": 0.007861415040679276,
      "bytes_dispatch_total": 469262336.0,
      "bytes_combine_total": 469262336.0
    },
    {
      "route": 0.0002334719756618142,
      "dispatch": 0.00037878507282584906,
      "compute": 0.0033777980133891106,
      "combine": 0.0004516310291364789,
      "condenser": 0.0007034119917079806,
      "total_fwd": 0.006592534948140383,
      "total_bwd": 0.005961003014817834,
      "bytes_dispatch_total": 469262336.0,
      "bytes_combine_total": 469262336.0
    },
    {
      "route": 0.0002477689413353801,
      "dispatch": 0.0003566590603441,
      "compute": 0.004076224053278565,
      "combine": 0.0011069439351558685,
      "condenser": 0.002225224976427853,
      "total_fwd": 0.008798388065770268,
      "total_bwd": 0.00775527604855597,
      "bytes_dispatch_total": 469262336.0,
      "bytes_combine_total": 469262336.0
    },
    {
      "route": 0.00023257604334503412,
      "dispatch": 0.00035243702586740255,
      "compute": 0.0038229409838095307,
      "combine": 0.0008216520072892308,
      "condenser": 0.000704818987287581,
      "total_fwd": 0.0071440639439970255,
      "total_bwd": 0.0060458279913291335,
      "bytes_dispatch_total": 469262336.0,
      "bytes_combine_total": 469262336.0
    },
    {
      "route": 0.00024866301100701094,
      "dispatch": 0.00035453203599900007,
      "compute": 0.0033563619945198298,
      "combine": 0.0004168000305071473,
      "condenser": 0.0007279430283233523,
      "total_fwd": 0.007865753024816513,
      "total_bwd": 0.008071772987022996,
      "bytes_dispatch_total": 469262336.0,
      "bytes_combine_total": 469262336.0
    },
    {
      "route": 0.00024101091548800468,
      "dispatch": 0.000388602027669549,
      "compute": 0.0033639580942690372,
      "combine": 0.00043042399920523167,
      "condenser": 0.0007028169929981232,
      "total_fwd": 0.00662440899759531,
      "total_bwd": 0.0061315789353102446,
      "bytes_dispatch_total": 469262336.0,
      "bytes_combine_total": 469262336.0
    },
    {
      "route": 0.0002598959254100919,
      "dispatch": 0.0003765389556065202,
      "compute": 0.0033919760026037693,
      "combine": 0.00043158105108886957,
      "condenser": 0.0006915949052199721,
      "total_fwd": 0.0066122530261054635,
      "total_bwd": 0.0062554000178352,
      "bytes_dispatch_total": 469262336.0,
      "bytes_combine_total": 469262336.0
    },
    {
      "route": 0.0002476760419085622,
      "dispatch": 0.0003424639580771327,
      "compute": 0.0035176450619474053,
      "combine": 0.0004851740086451173,
      "condenser": 0.0006874139653518796,
      "total_fwd": 0.006789300939999521,
      "total_bwd": 0.00588595203589648,
      "bytes_dispatch_total": 469262336.0,
      "bytes_combine_total": 469262336.0
    },
    {
      "route": 0.0002432999899610877,
      "dispatch": 0.00035629398189485073,
      "compute": 0.003663250943645835,
      "combine": 0.0007043950026854873,
      "condenser": 0.0007018640171736479,
      "total_fwd": 0.006882058107294142,
      "total_bwd": 0.005943700089119375,
      "bytes_dispatch_total": 469262336.0,
      "bytes_combine_total": 469262336.0
    },
    {
      "route": 0.004139336058869958,
      "dispatch": 0.00037736305966973305,
      "compute": 0.0033848980674520135,
      "combine": 0.0032477520871907473,
      "condenser": 0.0007872419664636254,
      "total_fwd": 0.013259954983368516,
      "total_bwd": 0.01304172701202333,
      "bytes_dispatch_total": 469262336.0,
      "bytes_combine_total": 469262336.0
    },
    {
      "route": 0.00024259998463094234,
      "dispatch": 0.0003958040615543723,
      "compute": 0.003370109014213085,
      "combine": 0.00040698598604649305,
      "condenser": 0.0006922510219737887,
      "total_fwd": 0.00954521493986249,
      "total_bwd": 0.01231101795565337,
      "bytes_dispatch_total": 469262336.0,
      "bytes_combine_total": 469262336.0
    },
    {
      "route": 0.0002668040106073022,
      "dispatch": 0.0003888299688696861,
      "compute": 0.004014459904283285,
      "combine": 0.001037265988998115,
      "condenser": 0.0008063149871304631,
      "total_fwd": 0.0073083300376310945,
      "total_bwd": 0.006313198013231158,
      "bytes_dispatch_total": 469262336.0,
      "bytes_combine_total": 469262336.0
    },
    {
      "route": 0.0002277300227433443,
      "dispatch": 0.0004302950110286474,
      "compute": 0.0033890410559251904,
      "combine": 0.00040763895958662033,
      "condenser": 0.0007264420855790377,
      "total_fwd": 0.006650950061157346,
      "total_bwd": 0.006590439006686211,
      "bytes_dispatch_total": 469262336.0,
      "bytes_combine_total": 469262336.0
    },
    {
      "route": 0.00023717503063380718,
      "dispatch": 0.0003617469919845462,
      "compute": 0.006107606925070286,