{
  "mode": "ec_paper",
  "world_size": 8,
  "tokens_per_rank": 4096,
  "total_tokens": 32768,
  "num_steps": 20,
  "num_warmup": 5,
  "hidden": 2048,
  "intermediate": 1408,
  "total_routed_experts": 64,
  "top_k": 4,
  "num_condenser": 2,
  "local_n_experts": 8,
  "peak_memory_gb_max_rank": 0.6577520370483398,
  "route": {
    "median_ms": 0.2618625294417143,
    "mean_ms": 0.2777559624519199,
    "std_ms": 0.05486432700680576
  },
  "dispatch": {
    "median_ms": 0.29070995515212417,
    "mean_ms": 1.5673347748816013,
    "std_ms": 2.2785067277837276
  },
  "compute": {
    "median_ms": 3.962531976867467,
    "mean_ms": 4.514072497840971,
    "std_ms": 1.2690795110031385
  },
  "combine": {
    "median_ms": 0.5448459996841848,
    "mean_ms": 1.5931018977425992,
    "std_ms": 1.7899476490386708
  },
  "condenser": {
    "median_ms": 0.7539174985140562,
    "mean_ms": 0.7534326578024775,
    "std_ms": 0.044901525474349745
  },
  "total_fwd": {
    "median_ms": 7.16228992678225,
    "mean_ms": 10.582123493077233,
    "std_ms": 5.544190725167047
  },
  "total_bwd": {
    "median_ms": 10.07607055362314,
    "mean_ms": 10.908084904076532,
    "std_ms": 2.844690611983248
  },
  "bytes_dispatch_total_per_step": {
    "median_bytes": 234684416.0,
    "mean_bytes": 234684416.0
  },
  "bytes_combine_total_per_step": {
    "median_bytes": 234684416.0,
    "mean_bytes": 234684416.0
  },
  "all_steps": [
    {
      "route": 0.0002504310104995966,
      "dispatch": 0.0002674700226634741,
      "compute": 0.0033315789187327027,
      "combine": 0.00036595796700567007,
      "condenser": 0.0007175810169428587,
      "total_fwd": 0.009566791006363928,
      "total_bwd": 0.008805946097709239,
      "bytes_dispatch_total": 234684416.0,
      "bytes_combine_total": 234684416.0
    },
    {
      "route": 0.00026571203488856554,
      "dispatch": 0.004894063924439251,
      "compute": 0.006298235966823995,
      "combine": 0.0033533830428496003,
      "condenser": 0.0007264930754899979,
      "total_fwd": 0.020471440977416933,
      "total_bwd": 0.007686018943786621,
      "bytes_dispatch_total": 234684416.0,
      "bytes_combine_total": 234684416.0
    },
    {
      "route": 0.00025466701481491327,
      "dispatch": 0.005945505923591554,
      "compute": 0.006278236047364771,
      "combine": 0.0046840430004522204,
      "condenser": 0.0006993979914113879,
      "total_fwd": 0.01859501504804939,
      "total_bwd": 0.013179691974073648,
      "bytes_dispatch_total": 234684416.0,
      "bytes_combine_total": 234684416.0
    },
    {
      "route": 0.00024631700944155455,
      "dispatch": 0.005694836960174143,
      "compute": 0.006318653933703899,
      "combine": 0.004691782989539206,
      "condenser": 0.0007115170592442155,
      "total_fwd": 0.019333412987180054,
      "total_bwd": 0.012932417914271355,
      "bytes_dispatch_total": 234684416.0,
      "bytes_combine_total": 234684416.0
    },
    {
      "route": 0.00023889797739684582,
      "dispatch": 0.0002602789318189025,
      "compute": 0.00347166508436203,
      "combine": 0.0003793890355154872,
      "condenser": 0.000780072994530201,
      "total_fwd": 0.006391174043528736,
      "total_bwd": 0.010038515087217093,
      "bytes_dispatch_total": 234684416.0,
      "bytes_combine_total": 234684416.0
    },
    {
      "route": 0.00026123004499822855,
      "dispatch": 0.00025857798755168915,
      "compute": 0.003520210040733218,
      "combine": 0.00033932109363377094,
      "condenser": 0.000752313993871212,
      "total_fwd": 0.006445794948376715,
      "total_bwd": 0.009346449049189687,
      "bytes_dispatch_total": 234684416.0,
      "bytes_combine_total": 234684416.0
    },
    {
      "route": 0.0003132550045847893,
      "dispatch": 0.0002738859038800001,
      "compute": 0.004224582924507558,
      "combine": 0.000601059990003705,
      "condenser": 0.0007901060162112117,
      "total_fwd": 0.0075259479926899076,
      "total_bwd": 0.006185965030454099,
      "bytes_dispatch_total": 234684416.0,
      "bytes_combine_total": 234684416.0
    },
    {
      "route": 0.00026465405244380236,
      "dispatch": 0.00028022099286317825,
      "compute": 0.004074494005180895,
      "combine": 0.0006531149847432971,
      "condenser": 0.0007555210031569004,
      "total_fwd": 0.007081777905113995,
      "total_bwd": 0.014901494956575334,
      "bytes_dispatch_total": 234684416.0,
      "bytes_combine_total": 234684416.0
    },
    {
      "route": 0.00029841798823326826,
      "dispatch": 0.00027891399804502726,
      "compute": 0.003713764948770404,
      "combine": 0.0004062569933012128,
      "condenser": 0.0007633840432390571,
      "total_fwd": 0.006711074966005981,
      "total_bwd": 0.012735672993585467,
      "bytes_dispatch_total": 234684416.0,
      "bytes_combine_total": 234684416.0
    },
    {
      "route": 0.00029635499231517315,
      "dispatch": 0.0002953710500150919,
      "compute": 0.003793145064264536,
      "combine": 0.0003111989935860038,
      "condenser": 0.000799387926235795,
      "total_fwd": 0.006887190975248814,
      "total_bwd": 0.009289609966799617,
      "bytes_dispatch_total": 234684416.0,
      "bytes_combine_total": 234684416.0
    },
    {
      "route": 0.0004908870905637741,
      "dispatch": 0.00029404996894299984,
      "compute": 0.006409809924662113,
      "combine": 0.003129154909402132,
      "condenser": 0.0007123820250853896,
      "total_fwd": 0.012924053939059377,
      "total_bwd": 0.007951436913572252,
      "bytes_dispatch_total": 234684416.0,
      "bytes_combine_total": 234684416.0
    },
    {
      "route": 0.00025285198353230953,
      "dispatch": 0.00041545601561665535,
      "compute": 0.0036401390098035336,
      "combine": 0.00042509695049375296,
      "condenser": 0.0007064880337566137,
      "total_fwd": 0.006673229043371975,
      "total_bwd": 0.016539889038540423,
      "bytes_dispatch_total": 234684416.0,
      "bytes_combine_total": 234684416.0
    },
    {
      "route": 0.0002624950138852,
      "dispatch": 0.00032668199855834246,
      "compute": 0.0034688099985942245,
      "combine": 0.00039131694938987494,
      "condenser": 0.0007555270567536354,
      "total_fwd": 0.006508551072329283,
      "total_bwd": 0.007649417035281658,
      "bytes_dispatch_total": 234684416.0,
      "bytes_combine_total": 234684416.0
    },
    {
      "route": 0.00030111102387309074,
      "dispatch": 0.00027807499282062054,
      "compute": 0.003920316928997636,
      "combine": 0.00038299302104860544,
      "condenser": 0.0008284830255433917,
      "total_fwd": 0.007033723988570273,
      "total_bwd": 0.011945748003199697,
      "bytes_dispatch_total": 234684416.0,
      "bytes_combine_total": 234684416.0
    },
    {
      "route": 0.000260931090451777,
      "dispatch": 0.00551429099868983,
      "compute": 0.006545322947204113,
      "combine": 0.004606344969943166,
      "condenser": 0.0007969608996063471,
      "total_fwd": 0.018373701022937894,
      "total_bwd": 0.012279464048333466,
      "bytes_dispatch_total": 234684416.0,
      "bytes_combine_total": 234684416.0
    },
    {
      "route": 0.00023814896121621132,
      "dispatch": 0.00031980802305042744,
      "compute": 0.0033025830052793026,
      "combine": 0.0003168260445818305,
      "condenser": 0.0007023189682513475,
      "total_fwd": 0.006098145968280733,
      "total_bwd": 0.009715666994452477,
      "bytes_dispatch_total": 234684416.0,
      "bytes_combine_total": 234684416.0
    },
    {
      "route": 0.00023972801864147186,
      "dispatch": 0.00025127397384494543,
      "compute": 0.0035320110619068146,
      "combine": 0.0004886320093646646,
      "condenser": 0.0007012900896370411,
      "total_fwd": 0.006379650090821087,
      "total_bwd": 0.009254912030883133,
      "bytes_dispatch_total": 234684416.0,
      "bytes_combine_total": 234684416.0
    },
    {
      "route": 0.00028718903195112944,
      "dispatch": 0.0002873699413612485,
      "compute": 0.0040047470247372985,